"title","length","movie_length_category"
"Chamber Italian",117,"its long movie"
"Grosse Wonderful",49,"its short movie"
"Airport Pollock",54,"movie is not too long or short"
"Bright Encounters",73,"movie is not too long or short"
"Academy Dinosaur",86,"movie is not too long or short"
"Ace Goldfinger",48,"its short movie"
"Adaptation Holes",50,"movie is not too long or short"
"Affair Prejudice",117,"its long movie"
"African Egg",130,"its long movie"
"Agent Truman",169,"its long movie"
"Airplane Sierra",62,"movie is not too long or short"
"Alabama Devil",114,"its long movie"
"Aladdin Calendar",63,"movie is not too long or short"
"Alamo Videotape",126,"its long movie"
"Alaska Phantom",136,"its long movie"
"Date Speed",104,"its long movie"
"Ali Forever",150,"its long movie"
"Alice Fantasia",94,"movie is not too long or short"
"Alien Center",46,"its short movie"
"Alley Evolution",180,"its long movie"
"Alone Trip",82,"movie is not too long or short"
"Alter Victory",57,"movie is not too long or short"
"Amadeus Holy",113,"its long movie"
"Amelie Hellfighters",79,"movie is not too long or short"
"American Circus",129,"its long movie"
"Amistad Midsummer",85,"movie is not too long or short"
"Anaconda Confessions",92,"movie is not too long or short"
"Analyze Hoosiers",181,"its long movie"
"Angels Life",74,"movie is not too long or short"
"Annie Identity",86,"movie is not too long or short"
"Anonymous Human",179,"its long movie"
"Anthem Luke",91,"movie is not too long or short"
"Antitrust Tomatoes",168,"its long movie"
"Anything Savannah",82,"movie is not too long or short"
"Apache Divine",92,"movie is not too long or short"
"Apocalypse Flamingos",119,"its long movie"
"Apollo Teen",153,"its long movie"
"Arabia Dogma",62,"movie is not too long or short"
"Arachnophobia Rollercoaster",147,"its long movie"
"Argonauts Town",127,"its long movie"
"Arizona Bang",121,"its long movie"
"Ark Ridgemont",68,"movie is not too long or short"
"Armageddon Lost",99,"movie is not too long or short"
"Army Flintstones",148,"its long movie"
"Arsenic Independence",137,"its long movie"
"Artist Coldblooded",170,"its long movie"
"Dying Maker",168,"its long movie"
"Atlantis Cause",170,"its long movie"
"Attacks Hate",113,"its long movie"
"Attraction Newton",83,"movie is not too long or short"
"Autumn Crow",108,"its long movie"
"Baby Hall",153,"its long movie"
"Backlash Undefeated",118,"its long movie"
"Badman Dawn",162,"its long movie"
"Baked Cleopatra",182,"its long movie"
"Casualties Encino",179,"its long movie"
"Balloon Homeward",75,"movie is not too long or short"
"Ballroom Mockingbird",173,"its long movie"
"Bang Kwai",87,"movie is not too long or short"
"Banger Pinocchio",113,"its long movie"
"Barbarella Streetcar",65,"movie is not too long or short"
"Barefoot Manchurian",129,"its long movie"
"Basic Easy",90,"movie is not too long or short"
"Beach Heartbreakers",122,"its long movie"
"Bear Graceland",160,"its long movie"
"Beast Hunchback",89,"movie is not too long or short"
"Beauty Grease",175,"its long movie"
"Bed Highball",106,"its long movie"
"Bedazzled Married",73,"movie is not too long or short"
"Beethoven Exorcist",151,"its long movie"
"Behavior Runaway",100,"movie is not too long or short"
"Beneath Rush",53,"movie is not too long or short"
"Berets Agent",77,"movie is not too long or short"
"Betrayed Rear",122,"its long movie"
"Beverly Outlaw",85,"movie is not too long or short"
"Bikini Borrowers",142,"its long movie"
"Bilko Anonymous",100,"movie is not too long or short"
"Bill Others",93,"movie is not too long or short"
"Bingo Talented",150,"its long movie"
"Birch Antitrust",162,"its long movie"
"Bird Independence",163,"its long movie"
"Birdcage Casper",103,"its long movie"
"Birds Perdition",61,"movie is not too long or short"
"Blackout Private",85,"movie is not too long or short"
"Blade Polish",114,"its long movie"
"Blanket Beverly",148,"its long movie"
"Blindness Gun",103,"its long movie"
"Blood Argonauts",71,"movie is not too long or short"
"Blues Instinct",50,"movie is not too long or short"
"Boiled Dares",102,"its long movie"
"Bonnie Holocaust",63,"movie is not too long or short"
"Boogie Amelie",121,"its long movie"
"Boondock Ballroom",76,"movie is not too long or short"
"Born Spinal",179,"its long movie"
"Borrowers Bedazzled",63,"movie is not too long or short"
"Boulevard Mob",63,"movie is not too long or short"
"Bound Cheaper",98,"movie is not too long or short"
"Bowfinger Gables",72,"movie is not too long or short"
"Brannigan Sunrise",121,"its long movie"
"Braveheart Human",176,"its long movie"
"Breakfast Goldfinger",123,"its long movie"
"Breaking Home",169,"its long movie"
"Bride Intrigue",56,"movie is not too long or short"
"Bringing Hysterical",136,"its long movie"
"Brooklyn Desert",161,"its long movie"
"Brotherhood Blanket",73,"movie is not too long or short"
"Bubble Grosse",60,"movie is not too long or short"
"Bucket Brotherhood",133,"its long movie"
"Bugsy Song",119,"its long movie"
"Bull Shawshank",125,"its long movie"
"Bulworth Commandments",61,"movie is not too long or short"
"Bunch Minds",63,"movie is not too long or short"
"Butch Panther",67,"movie is not too long or short"
"Butterfly Chocolat",89,"movie is not too long or short"
"Cabin Flash",53,"movie is not too long or short"
"Caddyshack Jedi",52,"movie is not too long or short"
"Calendar Gunfight",120,"its long movie"
"California Birds",75,"movie is not too long or short"
"Camelot Vacation",61,"movie is not too long or short"
"Campus Remember",167,"its long movie"
"Candidate Perdition",70,"movie is not too long or short"
"Candles Grapes",135,"its long movie"
"Canyon Stock",85,"movie is not too long or short"
"Caper Motions",176,"its long movie"
"Caribbean Liberty",92,"movie is not too long or short"
"Carol Texas",151,"its long movie"
"Carrie Bunch",114,"its long movie"
"Casablanca Super",85,"movie is not too long or short"
"Casper Dragonfly",163,"its long movie"
"Cassidy Wyoming",61,"movie is not too long or short"
"Cat Coneheads",112,"its long movie"
"Catch Amistad",183,"its long movie"
"Cause Date",179,"its long movie"
"Celebrity Horn",110,"its long movie"
"Center Dinosaur",152,"its long movie"
"Chainsaw Uptown",114,"its long movie"
"Champion Flatliners",51,"movie is not too long or short"
"Chance Resurrection",70,"movie is not too long or short"
"Clash Freddy",81,"movie is not too long or short"
"Chaplin License",146,"its long movie"
"Charade Duffel",66,"movie is not too long or short"
"Chariots Conspiracy",71,"movie is not too long or short"
"Chasing Fight",114,"its long movie"
"Cheaper Clyde",87,"movie is not too long or short"
"Chicago North",185,"its long movie"
"Chicken Hellfighters",122,"its long movie"
"Chill Luck",142,"its long movie"
"Chinatown Gladiator",61,"movie is not too long or short"
"Chisum Behavior",124,"its long movie"
"Chitty Lock",107,"its long movie"
"Chocolat Harry",101,"its long movie"
"Chocolate Duck",132,"its long movie"
"Christmas Moonshine",150,"its long movie"
"Cider Desire",101,"its long movie"
"Cincinatti Whisperer",143,"its long movie"
"Circus Youth",90,"movie is not too long or short"
"Citizen Shrek",165,"its long movie"
"Cleopatra Devil",150,"its long movie"
"Clerks Angels",164,"its long movie"
"Clockwork Paradise",143,"its long movie"
"Clones Pinocchio",124,"its long movie"
"Closer Bang",58,"movie is not too long or short"
"Club Graffiti",65,"movie is not too long or short"
"Clue Grail",70,"movie is not too long or short"
"Clueless Bucket",95,"movie is not too long or short"
"Clyde Theory",139,"its long movie"
"Coast Rainbow",55,"movie is not too long or short"
"Core Suit",92,"movie is not too long or short"
"Coldblooded Darling",70,"movie is not too long or short"
"Color Philadelphia",149,"its long movie"
"Coma Head",109,"its long movie"
"Comancheros Enemy",67,"movie is not too long or short"
"Comforts Rush",76,"movie is not too long or short"
"Command Darling",120,"its long movie"
"Commandments Express",59,"movie is not too long or short"
"Coneheads Smoochy",112,"its long movie"
"Confessions Maguire",65,"movie is not too long or short"
"Confidential Interview",180,"its long movie"
"Confused Candles",122,"its long movie"
"Congeniality Quest",87,"movie is not too long or short"
"Connecticut Tramp",172,"its long movie"
"Connection Microcosmos",115,"its long movie"
"Conquerer Nuts",173,"its long movie"
"Conspiracy Spirit",184,"its long movie"
"Contact Anonymous",166,"its long movie"
"Control Anthem",185,"its long movie"
"Conversation Downhill",112,"its long movie"
"Cowboy Doom",146,"its long movie"
"Craft Outfield",64,"movie is not too long or short"
"Cranes Reservoir",57,"movie is not too long or short"
"Crazy Home",136,"its long movie"
"Creatures Shakespeare",139,"its long movie"
"Creepers Kane",172,"its long movie"
"Crooked Frogmen",143,"its long movie"
"Crossing Divorce",50,"movie is not too long or short"
"Crossroads Casualties",153,"its long movie"
"Crow Grease",104,"its long movie"
"Crowds Telemark",112,"its long movie"
"Cruelty Unforgiven",69,"movie is not too long or short"
"Crusade Honey",112,"its long movie"
"Crystal Breaking",184,"its long movie"
"Cupboard Sinners",56,"movie is not too long or short"
"Curtain Videotape",133,"its long movie"
"Cyclone Family",176,"its long movie"
"Daddy Pittsburgh",161,"its long movie"
"Daisy Menagerie",84,"movie is not too long or short"
"Dalmations Sweden",106,"its long movie"
"Dances None",58,"movie is not too long or short"
"Dancing Fever",144,"its long movie"
"Dangerous Uptown",121,"its long movie"
"Dares Pluto",89,"movie is not too long or short"
"Darkness War",99,"movie is not too long or short"
"Darko Dorado",130,"its long movie"
"Darling Breaking",165,"its long movie"
"Darn Forrester",185,"its long movie"
"Daughter Madigan",59,"movie is not too long or short"
"Dawn Pond",57,"movie is not too long or short"
"Day Unfaithful",113,"its long movie"
"Dazed Punk",120,"its long movie"
"Deceiver Betrayed",122,"its long movie"
"Deep Crusade",51,"movie is not too long or short"
"Deer Virginian",106,"its long movie"
"Deliverance Mulholland",100,"movie is not too long or short"
"Desert Poseidon",64,"movie is not too long or short"
"Desire Alien",76,"movie is not too long or short"
"Desperate Trainspotting",81,"movie is not too long or short"
"Destination Jerk",76,"movie is not too long or short"
"Destiny Saturday",56,"movie is not too long or short"
"Details Packer",88,"movie is not too long or short"
"Detective Vision",143,"its long movie"
"Devil Desire",87,"movie is not too long or short"
"Diary Panic",107,"its long movie"
"Dinosaur Secretary",63,"movie is not too long or short"
"Dirty Ace",147,"its long movie"
"Disciple Mother",141,"its long movie"
"Disturbing Scarface",94,"movie is not too long or short"
"Divide Monster",68,"movie is not too long or short"
"Divine Resurrection",100,"movie is not too long or short"
"Divorce Shining",47,"its short movie"
"Doctor Grail",57,"movie is not too long or short"
"Dogma Family",122,"its long movie"
"Dolls Rage",120,"its long movie"
"Donnie Alley",125,"its long movie"
"Doom Dancing",68,"movie is not too long or short"
"Doors President",49,"its short movie"
"Dorado Notting",139,"its long movie"
"Double Wrath",177,"its long movie"
"Doubtfire Labyrinth",154,"its long movie"
"Downhill Enough",47,"its short movie"
"Dozen Lion",177,"its long movie"
"Dracula Crystal",176,"its long movie"
"Dragon Squad",170,"its long movie"
"Dragonfly Strangers",133,"its long movie"
"Dream Pickup",135,"its long movie"
"Drifter Commandments",61,"movie is not too long or short"
"Driver Annie",159,"its long movie"
"Driving Polish",175,"its long movie"
"Drop Waterfront",178,"its long movie"
"Drumline Cyclone",110,"its long movie"
"Drums Dynamite",96,"movie is not too long or short"
"Duck Racer",116,"its long movie"
"Dude Blindness",132,"its long movie"
"Duffel Apocalypse",171,"its long movie"
"Dumbo Lust",119,"its long movie"
"Durham Panky",154,"its long movie"
"Dwarfs Alter",101,"its long movie"
"Dynamite Tarzan",141,"its long movie"
"Eagles Panky",140,"its long movie"
"Early Home",96,"movie is not too long or short"
"Earring Instinct",98,"movie is not too long or short"
"Earth Vision",85,"movie is not too long or short"
"Easy Gladiator",148,"its long movie"
"Edge Kissing",153,"its long movie"
"Effect Gladiator",107,"its long movie"
"Egg Igby",67,"movie is not too long or short"
"Egypt Tenenbaums",85,"movie is not too long or short"
"Element Freddy",115,"its long movie"
"Elephant Trojan",126,"its long movie"
"Elf Murder",155,"its long movie"
"Elizabeth Shane",152,"its long movie"
"Empire Malkovich",177,"its long movie"
"Encino Elf",143,"its long movie"
"Encounters Curtain",92,"movie is not too long or short"
"Ending Crowds",85,"movie is not too long or short"
"Enemy Odds",77,"movie is not too long or short"
"English Bulworth",51,"movie is not too long or short"
"Enough Raging",158,"its long movie"
"Entrapment Satisfaction",176,"its long movie"
"Escape Metropolis",167,"its long movie"
"Eve Resurrection",66,"movie is not too long or short"
"Everyone Craft",163,"its long movie"
"Evolution Alter",174,"its long movie"
"Excitement Eve",51,"movie is not too long or short"
"Exorcist Sting",167,"its long movie"
"Expecations Natural",138,"its long movie"
"Expendable Stallion",97,"movie is not too long or short"
"Express Lonely",178,"its long movie"
"Extraordinary Conquerer",122,"its long movie"
"Eyes Driving",172,"its long movie"
"Factory Dragon",144,"its long movie"
"Falcon Volume",102,"its long movie"
"Family Sweet",155,"its long movie"
"Fantasia Park",131,"its long movie"
"Fantasy Troopers",58,"movie is not too long or short"
"Fargo Gandhi",130,"its long movie"
"Fatal Haunted",91,"movie is not too long or short"
"Feathers Metal",104,"its long movie"
"Fellowship Autumn",77,"movie is not too long or short"
"Ferris Mother",142,"its long movie"
"Feud Frogmen",98,"movie is not too long or short"
"Fever Empire",158,"its long movie"
"Fiction Christmas",72,"movie is not too long or short"
"Fiddler Lost",75,"movie is not too long or short"
"Fidelity Devil",118,"its long movie"
"Fight Jawbreaker",91,"movie is not too long or short"
"Finding Anaconda",156,"its long movie"
"Fire Wolves",173,"its long movie"
"Fireball Philadelphia",148,"its long movie"
"Firehouse Vietnam",103,"its long movie"
"Fish Opus",125,"its long movie"
"Flamingos Connecticut",80,"movie is not too long or short"
"Flash Wars",123,"its long movie"
"Flatliners Killer",100,"movie is not too long or short"
"Flight Lies",179,"its long movie"
"Flintstones Happiness",148,"its long movie"
"Floats Garden",145,"its long movie"
"Flying Hook",69,"movie is not too long or short"
"Fool Mockingbird",158,"its long movie"
"Forever Candidate",131,"its long movie"
"Forrest Sons",63,"movie is not too long or short"
"Forrester Comancheros",112,"its long movie"
"Forward Temple",90,"movie is not too long or short"
"Frankenstein Stranger",159,"its long movie"
"Freaky Pocus",126,"its long movie"
"Freddy Storm",65,"movie is not too long or short"
"Freedom Cleopatra",133,"its long movie"
"French Holiday",99,"movie is not too long or short"
"Frida Slipper",73,"movie is not too long or short"
"Frisco Forrest",51,"movie is not too long or short"
"Frogmen Breaking",111,"its long movie"
"Frontier Cabin",183,"its long movie"
"Frost Head",82,"movie is not too long or short"
"Fugitive Maguire",83,"movie is not too long or short"
"Full Flatliners",94,"movie is not too long or short"
"Fury Murder",178,"its long movie"
"Gables Metropolis",161,"its long movie"
"Galaxy Sweethearts",128,"its long movie"
"Games Bowfinger",119,"its long movie"
"Gandhi Kwai",86,"movie is not too long or short"
"Gangs Pride",185,"its long movie"
"Garden Island",80,"movie is not too long or short"
"Gaslight Crusade",106,"its long movie"
"Gathering Calendar",176,"its long movie"
"Gentlemen Stage",125,"its long movie"
"Ghost Groundhog",85,"movie is not too long or short"
"Ghostbusters Elf",101,"its long movie"
"Giant Troopers",102,"its long movie"
"Gilbert Pelican",114,"its long movie"
"Gilmore Boiled",163,"its long movie"
"Gladiator Westward",173,"its long movie"
"Glass Dying",103,"its long movie"
"Gleaming Jawbreaker",89,"movie is not too long or short"
"Glory Tracy",115,"its long movie"
"Go Purple",54,"movie is not too long or short"
"Godfather Diary",73,"movie is not too long or short"
"Gold River",154,"its long movie"
"Goldfinger Sensibility",93,"movie is not too long or short"
"Goldmine Tycoon",153,"its long movie"
"Gone Trouble",84,"movie is not too long or short"
"Goodfellas Salute",56,"movie is not too long or short"
"Gorgeous Bingo",108,"its long movie"
"Gosford Donnie",129,"its long movie"
"Graceland Dynamite",140,"its long movie"
"Graduate Lord",156,"its long movie"
"Graffiti Love",117,"its long movie"
"Grail Frankenstein",85,"movie is not too long or short"
"Grapes Fury",155,"its long movie"
"Grease Youth",135,"its long movie"
"Greatest North",93,"movie is not too long or short"
"Greedy Roots",166,"its long movie"
"Greek Everyone",176,"its long movie"
"Grinch Massage",150,"its long movie"
"Grit Clockwork",137,"its long movie"
"Groove Fiction",111,"its long movie"
"Groundhog Uncut",139,"its long movie"
"Gump Date",53,"movie is not too long or short"
"Gun Bonnie",100,"movie is not too long or short"
"Gunfight Moon",70,"movie is not too long or short"
"Gunfighter Mussolini",127,"its long movie"
"Guys Falcon",84,"movie is not too long or short"
"Half Outfield",146,"its long movie"
"Hall Cassidy",51,"movie is not too long or short"
"Halloween Nuts",47,"its short movie"
"Hamlet Wisdom",146,"its long movie"
"Identity Lover",119,"its long movie"
"Handicap Boondock",108,"its long movie"
"Hanging Deep",62,"movie is not too long or short"
"Hanky October",107,"its long movie"
"Hanover Galaxy",47,"its short movie"
"Happiness United",100,"movie is not too long or short"
"Hardly Robbers",72,"movie is not too long or short"
"Harold French",168,"its long movie"
"Harper Dying",52,"movie is not too long or short"
"Harry Idaho",121,"its long movie"
"Hate Handicap",107,"its long movie"
"Haunted Antitrust",76,"movie is not too long or short"
"Haunting Pianist",181,"its long movie"
"Hawk Chill",47,"its short movie"
"Head Stranger",69,"movie is not too long or short"
"Heartbreakers Bright",59,"movie is not too long or short"
"Heaven Freedom",48,"its short movie"
"Heavenly Gun",49,"its short movie"
"Heavyweights Beast",102,"its long movie"
"Hedwig Alter",169,"its long movie"
"Hellfighters Sierra",75,"movie is not too long or short"
"High Encino",84,"movie is not too long or short"
"Highball Potter",110,"its long movie"
"Hills Neighbors",93,"movie is not too long or short"
"Hobbit Alien",157,"its long movie"
"Hocus Frida",141,"its long movie"
"Holes Brannigan",128,"its long movie"
"Holiday Games",78,"movie is not too long or short"
"Hollow Jeopardy",136,"its long movie"
"Hollywood Anonymous",69,"movie is not too long or short"
"Holocaust Highball",149,"its long movie"
"Holy Tadpole",88,"movie is not too long or short"
"Home Pity",185,"its long movie"
"Homeward Cider",103,"its long movie"
"Homicide Peach",141,"its long movie"
"Honey Ties",84,"movie is not too long or short"
"Hook Chariots",49,"its short movie"
"Idols Snatchers",84,"movie is not too long or short"
"Hoosiers Birdcage",176,"its long movie"
"Hope Tootsie",139,"its long movie"
"Horn Working",95,"movie is not too long or short"
"Horror Reign",139,"its long movie"
"Hotel Happiness",181,"its long movie"
"Hours Rage",122,"its long movie"
"House Dynamite",109,"its long movie"
"Human Graffiti",68,"movie is not too long or short"
"Hunchback Impossible",151,"its long movie"
"Hunger Roof",105,"its long movie"
"Hunter Alter",125,"its long movie"
"Hunting Musketeers",65,"movie is not too long or short"
"Hurricane Affair",49,"its short movie"
"Hustler Party",83,"movie is not too long or short"
"Hyde Doctor",100,"movie is not too long or short"
"Hysterical Grail",150,"its long movie"
"Ice Crossing",131,"its long movie"
"Idaho Love",172,"its long movie"
"Igby Maker",160,"its long movie"
"Illusion Amelie",122,"its long movie"
"Image Princess",178,"its long movie"
"Impact Aladdin",180,"its long movie"
"Impossible Prejudice",103,"its long movie"
"Inch Jet",167,"its long movie"
"Independence Hotel",157,"its long movie"
"Indian Love",135,"its long movie"
"Informer Double",74,"movie is not too long or short"
"Innocent Usual",178,"its long movie"
"Insects Stone",123,"its long movie"
"Insider Arizona",78,"movie is not too long or short"
"Instinct Airport",116,"its long movie"
"Intentions Empire",107,"its long movie"
"Interview Liaisons",59,"movie is not too long or short"
"Intolerable Intentions",63,"movie is not too long or short"
"Intrigue Worst",181,"its long movie"
"Invasion Cyclone",97,"movie is not too long or short"
"Iron Moon",46,"its short movie"
"Ishtar Rocketeer",79,"movie is not too long or short"
"Island Exorcist",84,"movie is not too long or short"
"Italian African",174,"its long movie"
"Jacket Frisco",181,"its long movie"
"Jade Bunch",174,"its long movie"
"Japanese Run",135,"its long movie"
"Jason Trap",130,"its long movie"
"Jawbreaker Brooklyn",118,"its long movie"
"Jaws Harry",112,"its long movie"
"Jedi Beneath",128,"its long movie"
"Jeepers Wedding",84,"movie is not too long or short"
"Jekyll Frogmen",58,"movie is not too long or short"
"Jeopardy Encino",102,"its long movie"
"Jericho Mulan",171,"its long movie"
"Jerk Paycheck",172,"its long movie"
"Jersey Sassy",60,"movie is not too long or short"
"Jet Neighbors",59,"movie is not too long or short"
"Jingle Sagebrush",124,"its long movie"
"Joon Northwest",105,"its long movie"
"Juggler Hardly",54,"movie is not too long or short"
"Jumanji Blade",121,"its long movie"
"Jumping Wrath",74,"movie is not too long or short"
"Jungle Closer",134,"its long movie"
"Kane Exorcist",92,"movie is not too long or short"
"Karate Moon",120,"its long movie"
"Kentuckian Giant",169,"its long movie"
"Kick Savannah",179,"its long movie"
"Kill Brotherhood",54,"movie is not too long or short"
"Killer Innocent",161,"its long movie"
"King Evolution",184,"its long movie"
"Kiss Glory",163,"its long movie"
"Kissing Dolls",141,"its long movie"
"Knock Warlock",71,"movie is not too long or short"
"Kramer Chocolate",171,"its long movie"
"Kwai Homeward",46,"its short movie"
"Labyrinth League",46,"its short movie"
"Rush Goodfellas",48,"its short movie"
"Lady Stage",67,"movie is not too long or short"
"Ladybugs Armageddon",113,"its long movie"
"Lambs Cincinatti",144,"its long movie"
"Language Cowboy",78,"movie is not too long or short"
"Lawless Vision",181,"its long movie"
"Lawrence Love",175,"its long movie"
"League Hellfighters",110,"its long movie"
"Leathernecks Dwarfs",153,"its long movie"
"Lebowski Soldiers",69,"movie is not too long or short"
"Legally Secretary",113,"its long movie"
"Legend Jedi",59,"movie is not too long or short"
"Lesson Cleopatra",167,"its long movie"
"Liaisons Sweet",140,"its long movie"
"Liberty Magnificent",138,"its long movie"
"License Weekend",91,"movie is not too long or short"
"Lies Treatment",147,"its long movie"
"Life Twisted",137,"its long movie"
"Lights Deer",174,"its long movie"
"Mars Roman",62,"movie is not too long or short"
"Lion Uncut",50,"movie is not too long or short"
"Loathing Legally",140,"its long movie"
"Lock Rear",120,"its long movie"
"Lola Agent",85,"movie is not too long or short"
"Lolita World",155,"its long movie"
"Lonely Elephant",67,"movie is not too long or short"
"Lord Arizona",108,"its long movie"
"Lose Inch",137,"its long movie"
"Loser Hustler",80,"movie is not too long or short"
"Lost Bird",98,"movie is not too long or short"
"Louisiana Harry",70,"movie is not too long or short"
"Love Suicides",181,"its long movie"
"Lovely Jingle",65,"movie is not too long or short"
"Lover Truman",75,"movie is not too long or short"
"Loverboy Attacks",162,"its long movie"
"Luck Opus",152,"its long movie"
"Lucky Flying",97,"movie is not too long or short"
"Luke Mummy",74,"movie is not too long or short"
"Mask Peach",123,"its long movie"
"Lust Lock",52,"movie is not too long or short"
"Madigan Dorado",116,"its long movie"
"Madison Trap",147,"its long movie"
"Madness Attacks",178,"its long movie"
"Madre Gables",98,"movie is not too long or short"
"Magic Mallrats",117,"its long movie"
"Magnificent Chitty",53,"movie is not too long or short"
"Magnolia Forrester",171,"its long movie"
"Maguire Apache",74,"movie is not too long or short"
"Maiden Home",138,"its long movie"
"Majestic Floats",130,"its long movie"
"Maker Gables",136,"its long movie"
"Malkovich Pet",159,"its long movie"
"Mallrats United",133,"its long movie"
"Maltese Hope",127,"its long movie"
"Manchurian Curtain",177,"its long movie"
"Mannequin Worst",71,"movie is not too long or short"
"Married Go",114,"its long movie"
"Masked Bubble",151,"its long movie"
"Massacre Usual",165,"its long movie"
"Massage Image",161,"its long movie"
"Matrix Snowman",56,"movie is not too long or short"
"Maude Mod",72,"movie is not too long or short"
"Meet Chocolate",80,"movie is not too long or short"
"Memento Zoolander",77,"movie is not too long or short"
"Menagerie Rushmore",147,"its long movie"
"Mermaid Insects",104,"its long movie"
"Metal Armageddon",161,"its long movie"
"Metropolis Coma",64,"movie is not too long or short"
"Microcosmos Paradise",105,"its long movie"
"Midnight Westward",86,"movie is not too long or short"
"Midsummer Groundhog",48,"its short movie"
"Mighty Luck",122,"its long movie"
"Mile Mulan",64,"movie is not too long or short"
"Million Ace",142,"its long movie"
"Minds Truman",149,"its long movie"
"Mine Titans",166,"its long movie"
"Minority Kiss",59,"movie is not too long or short"
"Miracle Virtual",162,"its long movie"
"Mission Zoolander",164,"its long movie"
"Mixed Doors",180,"its long movie"
"Mob Duffel",105,"its long movie"
"Mockingbird Hollywood",60,"movie is not too long or short"
"Mod Secretary",77,"movie is not too long or short"
"Model Fish",175,"its long movie"
"Modern Dorado",74,"movie is not too long or short"
"Money Harold",135,"its long movie"
"Monsoon Cause",182,"its long movie"
"Monster Spartacus",107,"its long movie"
"Monterey Labyrinth",158,"its long movie"
"Montezuma Command",126,"its long movie"
"Moon Bunch",83,"movie is not too long or short"
"Moonshine Cabin",171,"its long movie"
"Moonwalker Fool",184,"its long movie"
"Mosquito Armageddon",57,"movie is not too long or short"
"Mother Oleander",103,"its long movie"
"Motions Details",166,"its long movie"
"Moulin Wake",79,"movie is not too long or short"
"Mourning Purple",146,"its long movie"
"Movie Shakespeare",53,"movie is not too long or short"
"Mulan Moon",160,"its long movie"
"Mulholland Beast",157,"its long movie"
"Mummy Creatures",160,"its long movie"
"Muppet Mile",50,"movie is not too long or short"
"Murder Antitrust",166,"its long movie"
"Muscle Bright",185,"its long movie"
"Music Boondock",129,"its long movie"
"Musketeers Wait",73,"movie is not too long or short"
"Mussolini Spoilers",180,"its long movie"
"Mystic Truman",92,"movie is not too long or short"
"Name Detective",178,"its long movie"
"Nash Chocolat",180,"its long movie"
"National Story",92,"movie is not too long or short"
"Natural Stock",50,"movie is not too long or short"
"Necklace Outbreak",132,"its long movie"
"Neighbors Charade",161,"its long movie"
"Nemo Campus",131,"its long movie"
"Network Peak",75,"movie is not too long or short"
"Newsies Story",159,"its long movie"
"Newton Labyrinth",75,"movie is not too long or short"
"Nightmare Chill",149,"its long movie"
"None Spiking",83,"movie is not too long or short"
"Noon Papi",57,"movie is not too long or short"
"North Tequila",67,"movie is not too long or short"
"Northwest Polish",172,"its long movie"
"Notorious Reunion",128,"its long movie"
"Notting Speakeasy",48,"its short movie"
"Novocaine Flight",64,"movie is not too long or short"
"Nuts Ties",145,"its long movie"
"October Submarine",54,"movie is not too long or short"
"Odds Boogie",48,"its short movie"
"Oklahoma Jumanji",58,"movie is not too long or short"
"Oleander Clue",161,"its long movie"
"Open African",131,"its long movie"
"Operation Operation",156,"its long movie"
"Opposite Necklace",92,"movie is not too long or short"
"Opus Ice",102,"its long movie"
"Orange Grapes",76,"movie is not too long or short"
"Order Betrayed",120,"its long movie"
"Orient Closer",118,"its long movie"
"Oscar Gold",115,"its long movie"
"Others Soup",118,"its long movie"
"Outbreak Divine",169,"its long movie"
"Outfield Massacre",129,"its long movie"
"Outlaw Hanky",148,"its long movie"
"Oz Liaisons",85,"movie is not too long or short"
"Pacific Amistad",144,"its long movie"
"Packer Madigan",84,"movie is not too long or short"
"Pajama Jawbreaker",126,"its long movie"
"Panic Club",102,"its long movie"
"Panky Submarine",93,"movie is not too long or short"
"Panther Reds",109,"its long movie"
"Papi Necklace",128,"its long movie"
"Paradise Sabrina",48,"its short movie"
"Paris Weekend",121,"its long movie"
"Park Citizen",109,"its long movie"
"Party Knock",107,"its long movie"
"Past Suicides",157,"its long movie"
"Paths Control",118,"its long movie"
"Patient Sister",99,"movie is not too long or short"
"Patriot Roman",65,"movie is not too long or short"
"Patton Interview",175,"its long movie"
"Paycheck Wait",145,"its long movie"
"Peach Innocent",160,"its long movie"
"Peak Forever",80,"movie is not too long or short"
"Pearl Destiny",74,"movie is not too long or short"
"Pelican Comforts",48,"its short movie"
"Perdition Fargo",99,"movie is not too long or short"
"Perfect Groove",82,"movie is not too long or short"
"Personal Ladybugs",118,"its long movie"
"Pet Haunting",99,"movie is not too long or short"
"Phantom Glory",60,"movie is not too long or short"
"Philadelphia Wife",137,"its long movie"
"Pianist Outfield",136,"its long movie"
"Pickup Driving",77,"movie is not too long or short"
"Pilot Hoosiers",50,"movie is not too long or short"
"Pinocchio Simon",103,"its long movie"
"Pirates Roxanne",100,"movie is not too long or short"
"Pittsburgh Hunchback",134,"its long movie"
"Pity Bound",60,"movie is not too long or short"
"Pizza Jumanji",173,"its long movie"
"Platoon Instinct",132,"its long movie"
"Pluto Oleander",84,"movie is not too long or short"
"Pocus Pulp",138,"its long movie"
"Polish Brooklyn",61,"movie is not too long or short"
"Pollock Deliverance",137,"its long movie"
"Pond Seattle",185,"its long movie"
"Poseidon Forever",159,"its long movie"
"Potluck Mixed",179,"its long movie"
"Potter Connecticut",115,"its long movie"
"Prejudice Oleander",98,"movie is not too long or short"
"President Bang",144,"its long movie"
"Pride Alamo",114,"its long movie"
"Primary Glass",53,"movie is not too long or short"
"Princess Giant",71,"movie is not too long or short"
"Private Drop",106,"its long movie"
"Prix Undefeated",115,"its long movie"
"Psycho Shrunk",155,"its long movie"
"Pulp Beverly",89,"movie is not too long or short"
"Punk Divorce",100,"movie is not too long or short"
"Pure Runner",121,"its long movie"
"Purple Movie",88,"movie is not too long or short"
"Queen Luke",163,"its long movie"
"Quest Mussolini",177,"its long movie"
"Quills Bull",112,"its long movie"
"Racer Egg",147,"its long movie"
"Rage Games",120,"its long movie"
"Raging Airplane",154,"its long movie"
"Raiders Antitrust",82,"movie is not too long or short"
"Rainbow Shock",74,"movie is not too long or short"
"Random Go",73,"movie is not too long or short"
"Range Moonwalker",147,"its long movie"
"Reap Unfaithful",136,"its long movie"
"Rear Trading",97,"movie is not too long or short"
"Rebel Airport",73,"movie is not too long or short"
"Records Zorro",182,"its long movie"
"Redemption Comforts",179,"its long movie"
"Reds Pocus",182,"its long movie"
"Reef Salute",123,"its long movie"
"Reign Gentlemen",82,"movie is not too long or short"
"Remember Diary",110,"its long movie"
"Requiem Tycoon",167,"its long movie"
"Reservoir Adaptation",61,"movie is not too long or short"
"Resurrection Silverado",117,"its long movie"
"Reunion Witches",63,"movie is not too long or short"
"Rider Caddyshack",177,"its long movie"
"Ridgemont Submarine",46,"its short movie"
"Right Cranes",153,"its long movie"
"Rings Heartbreakers",58,"movie is not too long or short"
"River Outlaw",149,"its long movie"
"Road Roxanne",158,"its long movie"
"Robbers Joon",102,"its long movie"
"Robbery Bright",134,"its long movie"
"Rock Instinct",102,"its long movie"
"Rocketeer Mother",178,"its long movie"
"Rocky War",145,"its long movie"
"Rollercoaster Bringing",153,"its long movie"
"Roman Punk",81,"movie is not too long or short"
"Roof Champion",101,"its long movie"
"Room Roman",60,"movie is not too long or short"
"Roots Remember",89,"movie is not too long or short"
"Roses Treasure",162,"its long movie"
"Rouge Squad",118,"its long movie"
"Roxanne Rebel",171,"its long movie"
"Rugrats Shakespeare",109,"its long movie"
"Rules Human",153,"its long movie"
"Run Pacific",145,"its long movie"
"Runaway Tenenbaums",181,"its long movie"
"Runner Madigan",101,"its long movie"
"Rushmore Mermaid",150,"its long movie"
"Sabrina Midnight",99,"movie is not too long or short"
"Saddle Antitrust",80,"movie is not too long or short"
"Sagebrush Clueless",106,"its long movie"
"Saints Bride",125,"its long movie"
"Salute Apollo",73,"movie is not too long or short"
"Samurai Lion",110,"its long movie"
"Santa Paris",154,"its long movie"
"Sassy Packer",154,"its long movie"
"Satisfaction Confidential",75,"movie is not too long or short"
"Saturday Lambs",150,"its long movie"
"Saturn Name",182,"its long movie"
"Savannah Town",84,"movie is not too long or short"
"Scalawag Duck",183,"its long movie"
"Scarface Bang",102,"its long movie"
"School Jacket",151,"its long movie"
"Scissorhands Slums",147,"its long movie"
"Ship Wonderland",104,"its long movie"
"Scorpion Apollo",137,"its long movie"
"Sea Virgin",80,"movie is not too long or short"
"Seabiscuit Punk",112,"its long movie"
"Searchers Wait",182,"its long movie"
"Seattle Expecations",110,"its long movie"
"Secret Groundhog",90,"movie is not too long or short"
"Secretary Rouge",158,"its long movie"
"Secrets Paradise",109,"its long movie"
"Sense Greek",54,"movie is not too long or short"
"Sensibility Rear",98,"movie is not too long or short"
"Seven Swarm",127,"its long movie"
"Shakespeare Saddle",60,"movie is not too long or short"
"Shane Darkness",93,"movie is not too long or short"
"Shanghai Tycoon",47,"its short movie"
"Shawshank Bubble",80,"movie is not too long or short"
"Shepherd Midsummer",113,"its long movie"
"Shining Roses",125,"its long movie"
"Shock Cabin",79,"movie is not too long or short"
"Shootist Superfly",67,"movie is not too long or short"
"Show Lord",167,"its long movie"
"Shrek License",154,"its long movie"
"Shrunk Divine",139,"its long movie"
"Side Ark",52,"movie is not too long or short"
"Siege Madre",111,"its long movie"
"Sierra Divide",135,"its long movie"
"Silence Kane",67,"movie is not too long or short"
"Silverado Goldfinger",74,"movie is not too long or short"
"Simon North",51,"movie is not too long or short"
"Sinners Atlantis",126,"its long movie"
"Sister Freddy",152,"its long movie"
"Sky Miracle",132,"its long movie"
"Slacker Liaisons",179,"its long movie"
"Sleeping Suspects",129,"its long movie"
"Sleepless Monsoon",64,"movie is not too long or short"
"Sleepy Japanese",137,"its long movie"
"Sleuth Orient",87,"movie is not too long or short"
"Sling Luke",84,"movie is not too long or short"
"Slipper Fidelity",156,"its long movie"
"Slums Duck",147,"its long movie"
"Smile Earring",60,"movie is not too long or short"
"Smoking Barbarella",50,"movie is not too long or short"
"Smoochy Control",184,"its long movie"
"Snatch Slipper",110,"its long movie"
"Snatchers Montezuma",74,"movie is not too long or short"
"Snowman Rollercoaster",62,"movie is not too long or short"
"Soldiers Evolution",185,"its long movie"
"Something Duck",180,"its long movie"
"Song Hedwig",165,"its long movie"
"Sons Interview",184,"its long movie"
"Sorority Queen",184,"its long movie"
"Soup Wisdom",169,"its long movie"
"South Wait",143,"its long movie"
"Spartacus Cheaper",52,"movie is not too long or short"
"Speakeasy Date",165,"its long movie"
"Speed Suit",124,"its long movie"
"Spice Sorority",141,"its long movie"
"Spiking Element",79,"movie is not too long or short"
"Spinal Rocky",138,"its long movie"
"Spirit Flintstones",149,"its long movie"
"Spirited Casualties",138,"its long movie"
"Splash Gump",175,"its long movie"
"Splendor Patton",134,"its long movie"
"Spoilers Hellfighters",151,"its long movie"
"Spy Mile",112,"its long movie"
"Squad Fish",136,"its long movie"
"Stage World",85,"movie is not too long or short"
"Stagecoach Armageddon",112,"its long movie"
"Stallion Sundance",130,"its long movie"
"Stampede Disturbing",75,"movie is not too long or short"
"Star Operation",181,"its long movie"
"State Wasteland",113,"its long movie"
"Steel Santa",143,"its long movie"
"Steers Armageddon",140,"its long movie"
"Stepmom Dream",48,"its short movie"
"Sting Personal",93,"movie is not too long or short"
"Stock Glass",160,"its long movie"
"Stone Fire",94,"movie is not too long or short"
"Storm Happiness",57,"movie is not too long or short"
"Story Side",163,"its long movie"
"Straight Hours",151,"its long movie"
"Strangelove Desire",103,"its long movie"
"Stranger Strangers",139,"its long movie"
"Tights Dawn",172,"its long movie"
"Strangers Graffiti",119,"its long movie"
"Streak Ridgemont",132,"its long movie"
"Streetcar Intentions",73,"movie is not too long or short"
"Strictly Scarface",144,"its long movie"
"Submarine Bed",127,"its long movie"
"Sugar Wonka",114,"its long movie"
"Suicides Silence",93,"movie is not too long or short"
"Suit Walls",111,"its long movie"
"Summer Scarface",53,"movie is not too long or short"
"Sun Confessions",141,"its long movie"
"Sundance Invasion",92,"movie is not too long or short"
"Sunrise League",135,"its long movie"
"Sunset Racer",48,"its short movie"
"Super Wyoming",58,"movie is not too long or short"
"Superfly Trip",114,"its long movie"
"Suspects Quills",47,"its short movie"
"Swarm Gold",123,"its long movie"
"Sweden Shining",176,"its long movie"
"Timberland Sky",69,"movie is not too long or short"
"Sweet Brotherhood",185,"its long movie"
"Sweethearts Suspects",108,"its long movie"
"Tadpole Park",155,"its long movie"
"Talented Homicide",173,"its long movie"
"Tarzan Videotape",91,"movie is not too long or short"
"Taxi Kick",64,"movie is not too long or short"
"Teen Apollo",74,"movie is not too long or short"
"Telegraph Voyage",148,"its long movie"
"Telemark Heartbreakers",152,"its long movie"
"Temple Attraction",71,"movie is not too long or short"
"Tenenbaums Command",99,"movie is not too long or short"
"Tequila Past",53,"movie is not too long or short"
"Terminator Club",88,"movie is not too long or short"
"Texas Watch",179,"its long movie"
"Theory Mermaid",184,"its long movie"
"Thief Pelican",135,"its long movie"
"Thin Sagebrush",53,"movie is not too long or short"
"Ties Hunger",111,"its long movie"
"Titanic Boondock",104,"its long movie"
"Titans Jerk",91,"movie is not too long or short"
"Tomatoes Hellfighters",68,"movie is not too long or short"
"Tomorrow Hustler",142,"its long movie"
"Tootsie Pilot",157,"its long movie"
"Torque Bound",179,"its long movie"
"Tourist Pelican",152,"its long movie"
"Towers Hurricane",144,"its long movie"
"Town Ark",136,"its long movie"
"Tracy Cider",142,"its long movie"
"Trading Pinocchio",170,"its long movie"
"Traffic Hobbit",139,"its long movie"
"Train Bunch",71,"movie is not too long or short"
"Trainspotting Strangers",132,"its long movie"
"Tramp Others",171,"its long movie"
"Translation Summer",168,"its long movie"
"Trap Guys",110,"its long movie"
"Treasure Command",102,"its long movie"
"Treatment Jekyll",87,"movie is not too long or short"
"Trip Newton",64,"movie is not too long or short"
"Trojan Tomorrow",52,"movie is not too long or short"
"Troopers Metal",115,"its long movie"
"Trouble Date",61,"movie is not too long or short"
"Truman Crazy",92,"movie is not too long or short"
"Turn Star",80,"movie is not too long or short"
"Tuxedo Mile",152,"its long movie"
"Twisted Pirates",152,"its long movie"
"Tycoon Gathering",82,"movie is not too long or short"
"Unbreakable Karate",62,"movie is not too long or short"
"Uncut Suicides",172,"its long movie"
"Undefeated Dalmations",107,"its long movie"
"Unfaithful Kill",78,"movie is not too long or short"
"Unforgiven Zoolander",129,"its long movie"
"United Pilot",164,"its long movie"
"Untouchables Sunrise",120,"its long movie"
"Uprising Uptown",174,"its long movie"
"Uptown Young",84,"movie is not too long or short"
"Usual Untouchables",128,"its long movie"
"Vacation Boondock",145,"its long movie"
"Valentine Vanishing",48,"its short movie"
"Valley Packer",73,"movie is not too long or short"
"Vampire Whale",126,"its long movie"
"Vanilla Day",122,"its long movie"
"Vanished Garden",142,"its long movie"
"Vanishing Rocky",123,"its long movie"
"Varsity Trip",85,"movie is not too long or short"
"Velvet Terminator",173,"its long movie"
"Vertigo Northwest",90,"movie is not too long or short"
"Victory Academy",64,"movie is not too long or short"
"Videotape Arsenic",145,"its long movie"
"Vietnam Smoochy",174,"its long movie"
"Villain Desperate",76,"movie is not too long or short"
"Virgin Daisy",179,"its long movie"
"Virginian Pluto",164,"its long movie"
"Virtual Spoilers",144,"its long movie"
"Vision Torque",59,"movie is not too long or short"
"Voice Peach",139,"its long movie"
"Volcano Texas",157,"its long movie"
"Volume House",132,"its long movie"
"Voyage Legally",78,"movie is not too long or short"
"Wagon Jaws",152,"its long movie"
"Wait Cider",112,"its long movie"
"Wake Jaws",73,"movie is not too long or short"
"Walls Artist",135,"its long movie"
"Wanda Chamber",107,"its long movie"
"War Notting",80,"movie is not too long or short"
"Wardrobe Phantom",178,"its long movie"
"Warlock Werewolf",83,"movie is not too long or short"
"Wars Pluto",128,"its long movie"
"Wash Heavenly",161,"its long movie"
"Wasteland Divine",85,"movie is not too long or short"
"Watch Tracy",78,"movie is not too long or short"
"Waterfront Deliverance",61,"movie is not too long or short"
"Watership Frontier",112,"its long movie"
"Wedding Apollo",70,"movie is not too long or short"
"Weekend Personal",134,"its long movie"
"Werewolf Lola",79,"movie is not too long or short"
"West Lion",159,"its long movie"
"Westward Seabiscuit",52,"movie is not too long or short"
"Whale Bikini",109,"its long movie"
"Whisperer Giant",59,"movie is not too long or short"
"Wife Turn",183,"its long movie"
"Wild Apollo",181,"its long movie"
"Willow Tracy",137,"its long movie"
"Wind Phantom",111,"its long movie"
"Window Side",85,"movie is not too long or short"
"Wisdom Worker",98,"movie is not too long or short"
"Witches Panic",100,"movie is not too long or short"
"Wizard Coldblooded",75,"movie is not too long or short"
"Wolves Desire",55,"movie is not too long or short"
"Women Dorado",126,"its long movie"
"Won Dares",105,"its long movie"
"Wonderful Drop",126,"its long movie"
"Wonderland Christmas",111,"its long movie"
"Wonka Sea",85,"movie is not too long or short"
"Words Hunter",116,"its long movie"
"Worker Tarzan",139,"its long movie"
"Working Microcosmos",74,"movie is not too long or short"
"World Leathernecks",171,"its long movie"
"Worst Banger",185,"its long movie"
"Wrath Mile",176,"its long movie"
"Wrong Behavior",178,"its long movie"
"Wyoming Storm",100,"movie is not too long or short"
"Yentl Idaho",86,"movie is not too long or short"
"Young Language",183,"its long movie"
"Youth Kick",179,"its long movie"
"Zhivago Core",105,"its long movie"
"Zoolander Fiction",101,"its long movie"
"Zorro Ark",50,"movie is not too long or short"
